"filename","label"
"00000.jpg","836935"
"00001.jpg","193306"
"00002.jpg","489119"
"00003.jpg","777538"
"00004.jpg","097101"
"00005.jpg","532120"
"00006.jpg","750235"
"00007.jpg","199662"
"00008.jpg","380285"
"00009.jpg","946933"
"00010.jpg","815473"
"00011.jpg","031202"
"00012.jpg","991956"
"00013.jpg","708907"
"00014.jpg","023171"
"00015.jpg","188719"
"00016.jpg","256919"
"00017.jpg","335595"
"00018.jpg","350689"
"00019.jpg","323852"
"00020.jpg","467460"
"00021.jpg","191135"
"00022.jpg","001460"
"00023.jpg","082656"
"00024.jpg","128806"
"00025.jpg","140726"
"00026.jpg","731334"
"00027.jpg","716050"
"00028.jpg","133936"
"00029.jpg","134105"
"00030.jpg","123747"
"00031.jpg","965810"
"00032.jpg","740349"
"00033.jpg","639653"
"00034.jpg","058482"
"00035.jpg","119518"
"00036.jpg","939061"
"00037.jpg","940475"
"00038.jpg","732954"
"00039.jpg","111858"
"00040.jpg","056906"
"00041.jpg","766381"
"00042.jpg","930110"
"00043.jpg","040828"
"00044.jpg","252674"
"00045.jpg","308681"
"00046.jpg","527559"
"00047.jpg","843424"
"00048.jpg","322391"
"00049.jpg","581434"
"00050.jpg","427384"
"00051.jpg","104528"
"00052.jpg","182093"
"00053.jpg","526665"
"00054.jpg","690862"
"00055.jpg","045970"
"00056.jpg","211936"
"00057.jpg","749084"
"00058.jpg","744080"
"00059.jpg","132561"
"00060.jpg","917698"
"00061.jpg","772202"
"00062.jpg","036219"
"00063.jpg","031228"
"00064.jpg","018376"
"00065.jpg","375111"
"00066.jpg","947092"
"00067.jpg","638042"
"00068.jpg","555656"
"00069.jpg","278714"
"00070.jpg","793514"
"00071.jpg","806157"
"00072.jpg","696641"
"00073.jpg","421378"
"00074.jpg","942184"
"00075.jpg","532112"
"00076.jpg","772237"
"00077.jpg","322621"
"00078.jpg","723975"
"00079.jpg","910852"
"00080.jpg","034020"
"00081.jpg","342470"
"00082.jpg","410777"
"00083.jpg","036520"
"00084.jpg","330892"
"00085.jpg","626947"
"00086.jpg","178552"
"00087.jpg","918212"
"00088.jpg","874951"
"00089.jpg","325849"
"00090.jpg","541094"
"00091.jpg","660407"
"00092.jpg","201408"
"00093.jpg","183421"
"00094.jpg","806346"
"00095.jpg","695469"
"00096.jpg","102124"
"00097.jpg","764926"
"00098.jpg","287377"
"00099.jpg","335054"
"00100.jpg","895577"
"00101.jpg","608264"
"00102.jpg","822646"
"00103.jpg","634266"
"00104.jpg","146432"
"00105.jpg","554431"
"00106.jpg","292999"
"00107.jpg","571437"
"00108.jpg","152139"
"00109.jpg","150129"
"00110.jpg","617458"
"00111.jpg","839613"
"00112.jpg","782601"
"00113.jpg","334766"
"00114.jpg","800288"
"00115.jpg","761087"
"00116.jpg","170602"
"00117.jpg","341489"
"00118.jpg","004039"
"00119.jpg","327328"
"00120.jpg","392481"
"00121.jpg","178923"
"00122.jpg","174860"
"00123.jpg","755633"
"00124.jpg","633119"
"00125.jpg","591022"
"00126.jpg","095076"
"00127.jpg","840606"
"00128.jpg","583697"
"00129.jpg","128402"
"00130.jpg","198922"
"00131.jpg","644843"
"00132.jpg","197003"
"00133.jpg","407958"
"00134.jpg","642095"
"00135.jpg","600698"
"00136.jpg","211329"
"00137.jpg","577218"
"00138.jpg","613282"
"00139.jpg","634991"
"00140.jpg","587255"
"00141.jpg","499334"
"00142.jpg","707471"
"00143.jpg","293537"
"00144.jpg","337695"
"00145.jpg","427882"
"00146.jpg","189281"
"00147.jpg","061543"
"00148.jpg","073272"
"00149.jpg","869900"
"00150.jpg","683263"
"00151.jpg","649564"
"00152.jpg","988170"
"00153.jpg","506729"
"00154.jpg","379129"
"00155.jpg","809109"
"00156.jpg","651908"
"00157.jpg","550764"
"00158.jpg","765978"
"00159.jpg","501863"
"00160.jpg","868594"
"00161.jpg","969387"
"00162.jpg","723516"
"00163.jpg","484905"
"00164.jpg","319663"
"00165.jpg","981621"
"00166.jpg","853399"
"00167.jpg","430289"
"00168.jpg","142175"
"00169.jpg","602775"
"00170.jpg","669677"
"00171.jpg","290483"
"00172.jpg","676527"
"00173.jpg","961930"
"00174.jpg","040416"
"00175.jpg","999249"
"00176.jpg","131769"
"00177.jpg","054427"
"00178.jpg","895708"
"00179.jpg","086413"
"00180.jpg","296784"
"00181.jpg","294700"
"00182.jpg","517204"
"00183.jpg","828070"
"00184.jpg","478150"
"00185.jpg","456518"
"00186.jpg","641063"
"00187.jpg","877019"
"00188.jpg","686922"
"00189.jpg","096352"
"00190.jpg","201873"
"00191.jpg","789211"
"00192.jpg","289801"
"00193.jpg","763566"
"00194.jpg","320325"
"00195.jpg","886618"
"00196.jpg","539214"
"00197.jpg","404101"
"00198.jpg","275698"
"00199.jpg","482210"
"00200.jpg","020689"
"00201.jpg","587391"
"00202.jpg","387120"
"00203.jpg","303179"
"00204.jpg","099858"
"00205.jpg","035128"
"00206.jpg","247786"
"00207.jpg","315332"
"00208.jpg","604588"
"00209.jpg","037631"
"00210.jpg","707285"
"00211.jpg","113031"
"00212.jpg","237120"
"00213.jpg","684832"
"00214.jpg","830932"
"00215.jpg","838867"
"00216.jpg","838357"
"00217.jpg","747022"
"00218.jpg","002583"
"00219.jpg","399168"
"00220.jpg","461772"
"00221.jpg","244634"
"00222.jpg","309541"
"00223.jpg","250909"
"00224.jpg","717962"
"00225.jpg","816003"
"00226.jpg","168434"
"00227.jpg","087472"
"00228.jpg","650663"
"00229.jpg","554543"
"00230.jpg","240789"
"00231.jpg","962291"
"00232.jpg","043684"
"00233.jpg","147615"
"00234.jpg","777260"
"00235.jpg","701177"
"00236.jpg","726463"
"00237.jpg","902545"
"00238.jpg","065050"
"00239.jpg","807231"
"00240.jpg","552186"
"00241.jpg","961087"
"00242.jpg","064108"
"00243.jpg","699362"
"00244.jpg","336148"
"00245.jpg","427765"
"00246.jpg","635978"
"00247.jpg","367625"
"00248.jpg","988517"
"00249.jpg","374595"
"00250.jpg","110277"
"00251.jpg","014942"
"00252.jpg","904236"
"00253.jpg","569372"
"00254.jpg","544162"
"00255.jpg","284935"
"00256.jpg","793809"
"00257.jpg","228941"
"00258.jpg","615041"
"00259.jpg","677429"
"00260.jpg","807595"
"00261.jpg","207236"
"00262.jpg","444921"
"00263.jpg","326492"
"00264.jpg","851391"
"00265.jpg","595382"
"00266.jpg","167692"
"00267.jpg","473936"
"00268.jpg","314632"
"00269.jpg","700173"
"00270.jpg","109593"
"00271.jpg","021796"
"00272.jpg","833008"
"00273.jpg","534604"
"00274.jpg","631773"
"00275.jpg","109673"
"00276.jpg","587011"
"00277.jpg","397129"
"00278.jpg","067486"
"00279.jpg","321283"
"00280.jpg","403090"
"00281.jpg","680890"
"00282.jpg","278673"
"00283.jpg","864100"
"00284.jpg","109321"
"00285.jpg","598183"
"00286.jpg","144405"
"00287.jpg","677301"
"00288.jpg","779284"
"00289.jpg","343351"
"00290.jpg","006304"
"00291.jpg","632142"
"00292.jpg","136827"
"00293.jpg","686068"
"00294.jpg","985079"
"00295.jpg","706378"
"00296.jpg","452902"
"00297.jpg","445052"
"00298.jpg","300488"
"00299.jpg","316497"
"00300.jpg","477301"
"00301.jpg","168344"
"00302.jpg","764596"
"00303.jpg","109508"
"00304.jpg","362701"
"00305.jpg","356560"
"00306.jpg","788758"
"00307.jpg","167060"
"00308.jpg","105127"
"00309.jpg","463097"
"00310.jpg","055934"
"00311.jpg","594627"
"00312.jpg","963073"
"00313.jpg","128040"
"00314.jpg","107253"
"00315.jpg","906676"
"00316.jpg","245730"
"00317.jpg","739086"
"00318.jpg","679125"
"00319.jpg","150395"
"00320.jpg","277684"
"00321.jpg","538777"
"00322.jpg","202256"
"00323.jpg","187325"
"00324.jpg","894254"
"00325.jpg","311054"
"00326.jpg","971772"
"00327.jpg","957446"
"00328.jpg","324139"
"00329.jpg","246129"
"00330.jpg","260199"
"00331.jpg","829738"
"00332.jpg","623874"
"00333.jpg","971985"
"00334.jpg","770486"
"00335.jpg","459373"
"00336.jpg","937816"
"00337.jpg","237065"
"00338.jpg","138056"
"00339.jpg","094248"
"00340.jpg","160812"
"00341.jpg","236200"
"00342.jpg","926412"
"00343.jpg","640018"
"00344.jpg","793791"
"00345.jpg","903170"
"00346.jpg","593341"
"00347.jpg","717904"
"00348.jpg","793025"
"00349.jpg","969035"
"00350.jpg","612855"
"00351.jpg","868475"
"00352.jpg","562615"
"00353.jpg","848930"
"00354.jpg","160360"
"00355.jpg","203771"
"00356.jpg","875071"
"00357.jpg","251381"
"00358.jpg","440572"
"00359.jpg","756084"
"00360.jpg","330326"
"00361.jpg","749787"
"00362.jpg","732802"
"00363.jpg","278959"
"00364.jpg","446815"
"00365.jpg","946483"
"00366.jpg","561833"
"00367.jpg","466880"
"00368.jpg","986673"
"00369.jpg","416432"
"00370.jpg","395311"
"00371.jpg","861431"
"00372.jpg","179155"
"00373.jpg","250853"
"00374.jpg","563323"
"00375.jpg","927841"
"00376.jpg","016934"
"00377.jpg","357537"
"00378.jpg","647113"
"00379.jpg","327259"
"00380.jpg","556594"
"00381.jpg","342987"
"00382.jpg","365750"
"00383.jpg","856015"
"00384.jpg","471080"
"00385.jpg","668564"
"00386.jpg","084187"
"00387.jpg","610331"
"00388.jpg","688720"
"00389.jpg","085835"
"00390.jpg","178761"
"00391.jpg","281949"
"00392.jpg","992652"
"00393.jpg","932038"
"00394.jpg","564649"
"00395.jpg","539461"
"00396.jpg","791060"
"00397.jpg","045260"
"00398.jpg","108778"
"00399.jpg","192980"
"00400.jpg","086825"
"00401.jpg","407669"
"00402.jpg","939278"
"00403.jpg","405665"
"00404.jpg","793092"
"00405.jpg","135816"
"00406.jpg","595388"
"00407.jpg","987565"
"00408.jpg","295003"
"00409.jpg","487723"
"00410.jpg","559224"
"00411.jpg","415047"
"00412.jpg","116383"
"00413.jpg","445830"
"00414.jpg","079015"
"00415.jpg","934617"
"00416.jpg","424247"
"00417.jpg","522438"
"00418.jpg","159487"
"00419.jpg","163012"
"00420.jpg","513452"
"00421.jpg","555454"
"00422.jpg","199215"
"00423.jpg","303199"
"00424.jpg","977795"
"00425.jpg","643804"
"00426.jpg","398453"
"00427.jpg","460399"
"00428.jpg","122400"
"00429.jpg","169224"
"00430.jpg","339773"
"00431.jpg","079923"
"00432.jpg","261185"
"00433.jpg","355054"
"00434.jpg","347493"
"00435.jpg","348665"
"00436.jpg","729634"
"00437.jpg","626603"
"00438.jpg","541801"
"00439.jpg","546327"
"00440.jpg","731220"
"00441.jpg","556005"
"00442.jpg","173192"
"00443.jpg","886466"
"00444.jpg","475509"
"00445.jpg","142475"
"00446.jpg","489827"
"00447.jpg","394304"
"00448.jpg","411692"
"00449.jpg","440998"
"00450.jpg","161619"
"00451.jpg","122521"
"00452.jpg","622290"
"00453.jpg","844118"
"00454.jpg","058848"
"00455.jpg","125382"
"00456.jpg","404878"
"00457.jpg","861922"
"00458.jpg","103754"
"00459.jpg","588213"
"00460.jpg","820342"
"00461.jpg","036150"
"00462.jpg","660672"
"00463.jpg","701796"
"00464.jpg","808150"
"00465.jpg","383262"
"00466.jpg","348839"
"00467.jpg","037576"
"00468.jpg","441146"
"00469.jpg","292986"
"00470.jpg","903469"
"00471.jpg","952455"
"00472.jpg","871923"
"00473.jpg","975045"
"00474.jpg","834345"
"00475.jpg","851182"
"00476.jpg","946046"
"00477.jpg","865463"
"00478.jpg","103364"
"00479.jpg","526046"
"00480.jpg","951995"
"00481.jpg","801488"
"00482.jpg","641708"
"00483.jpg","840065"
"00484.jpg","907393"
"00485.jpg","114060"
"00486.jpg","464100"
"00487.jpg","049202"
"00488.jpg","230812"
"00489.jpg","379866"
"00490.jpg","272228"
"00491.jpg","201757"
"00492.jpg","473199"
"00493.jpg","143427"
"00494.jpg","084773"
"00495.jpg","991422"
"00496.jpg","033732"
"00497.jpg","988226"
"00498.jpg","839971"
"00499.jpg","817532"
"00500.jpg","420511"
"00501.jpg","473922"
"00502.jpg","913808"
"00503.jpg","076366"
"00504.jpg","281747"
"00505.jpg","153948"
"00506.jpg","750087"
"00507.jpg","509250"
"00508.jpg","398813"
"00509.jpg","132791"
"00510.jpg","641553"
"00511.jpg","874284"
"00512.jpg","805978"
"00513.jpg","824307"
"00514.jpg","240502"
"00515.jpg","184211"
"00516.jpg","359936"
"00517.jpg","916633"
"00518.jpg","990815"
"00519.jpg","250492"
"00520.jpg","513838"
"00521.jpg","974453"
"00522.jpg","081707"
"00523.jpg","902344"
"00524.jpg","474188"
"00525.jpg","306611"
"00526.jpg","858699"
"00527.jpg","328109"
"00528.jpg","875419"
"00529.jpg","708077"
"00530.jpg","338296"
"00531.jpg","712708"
"00532.jpg","109244"
"00533.jpg","101455"
"00534.jpg","876385"
"00535.jpg","751208"
"00536.jpg","241949"
"00537.jpg","557218"
"00538.jpg","347196"
"00539.jpg","142616"
"00540.jpg","831308"
"00541.jpg","853400"
"00542.jpg","636393"
"00543.jpg","748053"
"00544.jpg","462102"
"00545.jpg","810267"
"00546.jpg","612988"
"00547.jpg","189952"
"00548.jpg","788063"
"00549.jpg","857018"
"00550.jpg","448644"
"00551.jpg","156134"
"00552.jpg","147917"
"00553.jpg","826162"
"00554.jpg","068706"
"00555.jpg","020750"
"00556.jpg","265050"
"00557.jpg","065761"
"00558.jpg","957636"
"00559.jpg","996222"
"00560.jpg","741671"
"00561.jpg","321206"
"00562.jpg","716415"
"00563.jpg","214165"
"00564.jpg","254234"
"00565.jpg","354415"
"00566.jpg","220668"
"00567.jpg","015872"
"00568.jpg","260529"
"00569.jpg","002433"
"00570.jpg","149700"
"00571.jpg","445093"
"00572.jpg","560144"
"00573.jpg","359981"
"00574.jpg","683937"
"00575.jpg","635746"
"00576.jpg","937062"
"00577.jpg","390916"
"00578.jpg","304581"
"00579.jpg","112346"
"00580.jpg","849615"
"00581.jpg","368853"
"00582.jpg","341411"
"00583.jpg","531264"
"00584.jpg","981496"
"00585.jpg","940590"
"00586.jpg","777325"
"00587.jpg","546753"
"00588.jpg","439903"
"00589.jpg","295542"
"00590.jpg","635710"
"00591.jpg","689158"
"00592.jpg","910379"
"00593.jpg","265612"
"00594.jpg","163529"
"00595.jpg","640056"
"00596.jpg","134294"
"00597.jpg","640140"
"00598.jpg","580915"
"00599.jpg","798404"
"00600.jpg","002326"
"00601.jpg","815506"
"00602.jpg","368360"
"00603.jpg","449104"
"00604.jpg","177382"
"00605.jpg","398074"
"00606.jpg","806729"
"00607.jpg","924987"
"00608.jpg","528002"
"00609.jpg","974624"
"00610.jpg","168904"
"00611.jpg","370602"
"00612.jpg","796632"
"00613.jpg","786454"
"00614.jpg","340604"
"00615.jpg","135882"
"00616.jpg","914529"
"00617.jpg","049188"
"00618.jpg","487294"
"00619.jpg","204321"
"00620.jpg","823739"
"00621.jpg","776254"
"00622.jpg","548383"
"00623.jpg","284871"
"00624.jpg","364888"
"00625.jpg","040210"
"00626.jpg","220187"
"00627.jpg","602945"
"00628.jpg","808234"
"00629.jpg","633092"
"00630.jpg","411046"
"00631.jpg","168625"
"00632.jpg","816996"
"00633.jpg","553933"
"00634.jpg","670141"
"00635.jpg","595580"
"00636.jpg","899832"
"00637.jpg","097961"
"00638.jpg","909098"
"00639.jpg","018408"
"00640.jpg","716518"
"00641.jpg","811015"
"00642.jpg","542232"
"00643.jpg","140959"
"00644.jpg","004717"
"00645.jpg","413075"
"00646.jpg","429273"
"00647.jpg","694696"
"00648.jpg","698471"
"00649.jpg","250920"
"00650.jpg","479442"
"00651.jpg","330667"
"00652.jpg","785585"
"00653.jpg","305471"
"00654.jpg","186401"
"00655.jpg","489097"
"00656.jpg","615130"
"00657.jpg","302529"
"00658.jpg","398944"
"00659.jpg","965650"
"00660.jpg","439004"
"00661.jpg","347119"
"00662.jpg","787300"
"00663.jpg","405181"
"00664.jpg","212951"
"00665.jpg","458200"
"00666.jpg","602392"
"00667.jpg","303741"
"00668.jpg","898179"
"00669.jpg","082864"
"00670.jpg","647669"
"00671.jpg","485558"
"00672.jpg","485037"
"00673.jpg","018662"
"00674.jpg","857025"
"00675.jpg","585414"
"00676.jpg","706181"
"00677.jpg","535976"
"00678.jpg","033770"
"00679.jpg","053642"
"00680.jpg","518525"
"00681.jpg","095017"
"00682.jpg","650938"
"00683.jpg","753572"
"00684.jpg","351717"
"00685.jpg","737049"
"00686.jpg","973685"
"00687.jpg","971718"
"00688.jpg","350640"
"00689.jpg","585218"
"00690.jpg","781867"
"00691.jpg","669751"
"00692.jpg","867127"
"00693.jpg","107371"
"00694.jpg","538796"
"00695.jpg","981761"
"00696.jpg","993344"
"00697.jpg","255932"
"00698.jpg","426279"
"00699.jpg","588700"
"00700.jpg","734100"
"00701.jpg","971045"
"00702.jpg","050725"
"00703.jpg","753235"
"00704.jpg","769317"
"00705.jpg","996472"
"00706.jpg","239593"
"00707.jpg","170298"
"00708.jpg","444180"
"00709.jpg","103785"
"00710.jpg","513129"
"00711.jpg","159672"
"00712.jpg","668875"
"00713.jpg","995993"
"00714.jpg","336253"
"00715.jpg","480754"
"00716.jpg","097938"
"00717.jpg","835761"
"00718.jpg","224658"
"00719.jpg","086680"
"00720.jpg","827887"
"00721.jpg","853512"
"00722.jpg","126791"
"00723.jpg","545460"
"00724.jpg","964440"
"00725.jpg","207371"
"00726.jpg","337311"
"00727.jpg","202848"
"00728.jpg","006448"
"00729.jpg","149422"
"00730.jpg","797764"
"00731.jpg","809276"
"00732.jpg","069903"
"00733.jpg","984069"
"00734.jpg","524927"
"00735.jpg","836107"
"00736.jpg","301842"
"00737.jpg","941623"
"00738.jpg","225311"
"00739.jpg","719217"
"00740.jpg","474896"
"00741.jpg","509541"
"00742.jpg","886595"
"00743.jpg","095933"
"00744.jpg","919778"
"00745.jpg","959093"
"00746.jpg","300518"
"00747.jpg","619105"
"00748.jpg","149745"
"00749.jpg","249705"
"00750.jpg","150266"
"00751.jpg","117772"
"00752.jpg","205081"
"00753.jpg","774130"
"00754.jpg","885123"
"00755.jpg","386212"
"00756.jpg","753132"
"00757.jpg","332358"
"00758.jpg","436687"
"00759.jpg","604564"
"00760.jpg","838679"
"00761.jpg","035801"
"00762.jpg","180998"
"00763.jpg","536369"
"00764.jpg","316381"
"00765.jpg","019384"
"00766.jpg","176952"
"00767.jpg","374640"
"00768.jpg","790322"
"00769.jpg","037800"
"00770.jpg","794900"
"00771.jpg","142511"
"00772.jpg","416681"
"00773.jpg","470664"
"00774.jpg","610607"
"00775.jpg","941938"
"00776.jpg","462917"
"00777.jpg","127078"
"00778.jpg","028110"
"00779.jpg","336258"
"00780.jpg","428080"
"00781.jpg","924236"
"00782.jpg","402795"
"00783.jpg","044048"
"00784.jpg","041971"
"00785.jpg","860393"
"00786.jpg","889101"
"00787.jpg","565596"
"00788.jpg","038609"
"00789.jpg","749228"
"00790.jpg","871960"
"00791.jpg","428159"
"00792.jpg","966932"
"00793.jpg","188401"
"00794.jpg","904961"
"00795.jpg","932076"
"00796.jpg","446199"
"00797.jpg","122212"
"00798.jpg","344539"
"00799.jpg","571828"
"00800.jpg","202884"
"00801.jpg","835343"
"00802.jpg","367387"
"00803.jpg","922005"
"00804.jpg","162270"
"00805.jpg","817169"
"00806.jpg","157319"
"00807.jpg","941485"
"00808.jpg","077850"
"00809.jpg","828552"
"00810.jpg","302126"
"00811.jpg","686023"
"00812.jpg","846324"
"00813.jpg","897043"
"00814.jpg","378165"
"00815.jpg","877987"
"00816.jpg","256973"
"00817.jpg","189738"
"00818.jpg","098959"
"00819.jpg","221335"
"00820.jpg","973250"
"00821.jpg","697056"
"00822.jpg","418876"
"00823.jpg","623599"
"00824.jpg","386378"
"00825.jpg","751048"
"00826.jpg","187598"
"00827.jpg","062486"
"00828.jpg","529621"
"00829.jpg","520868"
"00830.jpg","103677"
"00831.jpg","442198"
"00832.jpg","077644"
"00833.jpg","917504"
"00834.jpg","379359"
"00835.jpg","654620"
"00836.jpg","470527"
"00837.jpg","872674"
"00838.jpg","154857"
"00839.jpg","260485"
"00840.jpg","046817"
"00841.jpg","355235"
"00842.jpg","553530"
"00843.jpg","290894"
"00844.jpg","877792"
"00845.jpg","102867"
"00846.jpg","490140"
"00847.jpg","386471"
"00848.jpg","652594"
"00849.jpg","886873"
"00850.jpg","764926"
"00851.jpg","682592"
"00852.jpg","489283"
"00853.jpg","828067"
"00854.jpg","064991"
"00855.jpg","102757"
"00856.jpg","727080"
"00857.jpg","168104"
"00858.jpg","649849"
"00859.jpg","600721"
"00860.jpg","052285"
"00861.jpg","592228"
"00862.jpg","536089"
"00863.jpg","136495"
"00864.jpg","250539"
"00865.jpg","439867"
"00866.jpg","992282"
"00867.jpg","377687"
"00868.jpg","215614"
"00869.jpg","562513"
"00870.jpg","571151"
"00871.jpg","480458"
"00872.jpg","965807"
"00873.jpg","514394"
"00874.jpg","744931"
"00875.jpg","670381"
"00876.jpg","200452"
"00877.jpg","679756"
"00878.jpg","152347"
"00879.jpg","288591"
"00880.jpg","595685"
"00881.jpg","930109"
"00882.jpg","591672"
"00883.jpg","776201"
"00884.jpg","197709"
"00885.jpg","133695"
"00886.jpg","032505"
"00887.jpg","034224"
"00888.jpg","411297"
"00889.jpg","363457"
"00890.jpg","438678"
"00891.jpg","110809"
"00892.jpg","678071"
"00893.jpg","900647"
"00894.jpg","119637"
"00895.jpg","245714"
"00896.jpg","467390"
"00897.jpg","979134"
"00898.jpg","228428"
"00899.jpg","438129"
"00900.jpg","289980"
"00901.jpg","897016"
"00902.jpg","994214"
"00903.jpg","271383"
"00904.jpg","501648"
"00905.jpg","196862"
"00906.jpg","111836"
"00907.jpg","943709"
"00908.jpg","463495"
"00909.jpg","379776"
"00910.jpg","946451"
"00911.jpg","807207"
"00912.jpg","120750"
"00913.jpg","150320"
"00914.jpg","952816"
"00915.jpg","818222"
"00916.jpg","935906"
"00917.jpg","570794"
"00918.jpg","084408"
"00919.jpg","763424"
"00920.jpg","075848"
"00921.jpg","563780"
"00922.jpg","576295"
"00923.jpg","946462"
"00924.jpg","116985"
"00925.jpg","474377"
"00926.jpg","537082"
"00927.jpg","362177"
"00928.jpg","445026"
"00929.jpg","801328"
"00930.jpg","742351"
"00931.jpg","954550"
"00932.jpg","339319"
"00933.jpg","395051"
"00934.jpg","208384"
"00935.jpg","819932"
"00936.jpg","300405"
"00937.jpg","783892"
"00938.jpg","989286"
"00939.jpg","243775"
"00940.jpg","659471"
"00941.jpg","698541"
"00942.jpg","499956"
"00943.jpg","256568"
"00944.jpg","087831"
"00945.jpg","401076"
"00946.jpg","873111"
"00947.jpg","983192"
"00948.jpg","240554"
"00949.jpg","282722"
"00950.jpg","540857"
"00951.jpg","659724"
"00952.jpg","660953"
"00953.jpg","782628"
"00954.jpg","092230"
"00955.jpg","633881"
"00956.jpg","373533"
"00957.jpg","845302"
"00958.jpg","755042"
"00959.jpg","470549"
"00960.jpg","630861"
"00961.jpg","856761"
"00962.jpg","525827"
"00963.jpg","450748"
"00964.jpg","632598"
"00965.jpg","982762"
"00966.jpg","471794"
"00967.jpg","612188"
"00968.jpg","392803"
"00969.jpg","589117"
"00970.jpg","983004"
"00971.jpg","490459"
"00972.jpg","592802"
"00973.jpg","735232"
"00974.jpg","378974"
"00975.jpg","130992"
"00976.jpg","705430"
"00977.jpg","741896"
"00978.jpg","090286"
"00979.jpg","038017"
"00980.jpg","061729"
"00981.jpg","036527"
"00982.jpg","097115"
"00983.jpg","614732"
"00984.jpg","518852"
"00985.jpg","908161"
"00986.jpg","842296"
"00987.jpg","492739"
"00988.jpg","971397"
"00989.jpg","345793"
"00990.jpg","978044"
"00991.jpg","681245"
"00992.jpg","140318"
"00993.jpg","617086"
"00994.jpg","302340"
"00995.jpg","092193"
"00996.jpg","141467"
"00997.jpg","448888"
"00998.jpg","360744"
"00999.jpg","836512"
"01000.jpg","248232"
"01001.jpg","366121"
"01002.jpg","455057"
"01003.jpg","031169"
"01004.jpg","165137"
"01005.jpg","670271"
"01006.jpg","854805"
"01007.jpg","099999"
"01008.jpg","697580"
"01009.jpg","193302"
"01010.jpg","533760"
"01011.jpg","161314"
"01012.jpg","405205"
"01013.jpg","275201"
"01014.jpg","241151"
"01015.jpg","149747"
"01016.jpg","902320"
"01017.jpg","366270"
"01018.jpg","259453"
"01019.jpg","207929"
"01020.jpg","470287"
"01021.jpg","307687"
"01022.jpg","178179"
"01023.jpg","608121"
"01024.jpg","668100"
"01025.jpg","701808"
"01026.jpg","363499"
"01027.jpg","009932"
"01028.jpg","849352"
"01029.jpg","077771"
"01030.jpg","756069"
"01031.jpg","163908"
"01032.jpg","675818"
"01033.jpg","542143"
"01034.jpg","032296"
"01035.jpg","770095"
"01036.jpg","532692"
"01037.jpg","395216"
"01038.jpg","747125"
"01039.jpg","209170"
"01040.jpg","644332"
"01041.jpg","696644"
"01042.jpg","551114"
"01043.jpg","154174"
"01044.jpg","974071"
"01045.jpg","686358"
"01046.jpg","889802"
"01047.jpg","094254"
"01048.jpg","109578"
"01049.jpg","263822"
"01050.jpg","465988"
"01051.jpg","375671"
"01052.jpg","391511"
"01053.jpg","136765"
"01054.jpg","268716"
"01055.jpg","272937"
"01056.jpg","446742"
"01057.jpg","090360"
"01058.jpg","559380"
"01059.jpg","459293"
"01060.jpg","073045"
"01061.jpg","002733"
"01062.jpg","184024"
"01063.jpg","860913"
"01064.jpg","491924"
"01065.jpg","660997"
"01066.jpg","971984"
"01067.jpg","975881"
"01068.jpg","514997"
"01069.jpg","791436"
"01070.jpg","677628"
"01071.jpg","310911"
"01072.jpg","774641"
"01073.jpg","602910"
"01074.jpg","499770"
"01075.jpg","311586"
"01076.jpg","737323"
"01077.jpg","197275"
"01078.jpg","245136"
"01079.jpg","877631"
"01080.jpg","830969"
"01081.jpg","212236"
"01082.jpg","179110"
"01083.jpg","765630"
"01084.jpg","442022"
"01085.jpg","645652"
"01086.jpg","486249"
"01087.jpg","031414"
"01088.jpg","808695"
"01089.jpg","453143"
"01090.jpg","096083"
"01091.jpg","314240"
"01092.jpg","222345"
"01093.jpg","658163"
"01094.jpg","746566"
"01095.jpg","433466"
"01096.jpg","780283"
"01097.jpg","491924"
"01098.jpg","130426"
"01099.jpg","926277"
"01100.jpg","323037"
"01101.jpg","954721"
"01102.jpg","144505"
"01103.jpg","373507"
"01104.jpg","913325"
"01105.jpg","842825"
"01106.jpg","424634"
"01107.jpg","816788"
"01108.jpg","441354"
"01109.jpg","987164"
"01110.jpg","294775"
"01111.jpg","601383"
"01112.jpg","078638"
"01113.jpg","588673"
"01114.jpg","193452"
"01115.jpg","149945"
"01116.jpg","933019"
"01117.jpg","102101"
"01118.jpg","428925"
"01119.jpg","340061"
"01120.jpg","924085"
"01121.jpg","789389"
"01122.jpg","677772"
"01123.jpg","486469"
"01124.jpg","301576"
"01125.jpg","053086"
"01126.jpg","491589"
"01127.jpg","330582"
"01128.jpg","997036"
"01129.jpg","827773"
"01130.jpg","365491"
"01131.jpg","271475"
"01132.jpg","597988"
"01133.jpg","376889"
"01134.jpg","539283"
"01135.jpg","063987"
"01136.jpg","584725"
"01137.jpg","563362"
"01138.jpg","984674"
"01139.jpg","123829"
"01140.jpg","530486"
"01141.jpg","492260"
"01142.jpg","729644"
"01143.jpg","523111"
"01144.jpg","651924"
"01145.jpg","023135"
"01146.jpg","982300"
"01147.jpg","144882"
"01148.jpg","689878"
"01149.jpg","099753"
"01150.jpg","849334"
"01151.jpg","021202"
"01152.jpg","048607"
"01153.jpg","809960"
"01154.jpg","128667"
"01155.jpg","111989"
"01156.jpg","066634"
"01157.jpg","540048"
"01158.jpg","411916"
"01159.jpg","373320"
"01160.jpg","479133"
"01161.jpg","735937"
"01162.jpg","249190"
"01163.jpg","191358"
"01164.jpg","329002"
"01165.jpg","936863"
"01166.jpg","487640"
"01167.jpg","660766"
"01168.jpg","860725"
"01169.jpg","095883"
"01170.jpg","894244"
"01171.jpg","595846"
"01172.jpg","386897"
"01173.jpg","060667"
"01174.jpg","669502"
"01175.jpg","930755"
"01176.jpg","260913"
"01177.jpg","402628"
"01178.jpg","938088"
"01179.jpg","383089"
"01180.jpg","172681"
"01181.jpg","941456"
"01182.jpg","419750"
"01183.jpg","033700"
"01184.jpg","083084"
"01185.jpg","131565"
"01186.jpg","832994"
"01187.jpg","744902"
"01188.jpg","413737"
"01189.jpg","864580"
"01190.jpg","052323"
"01191.jpg","658070"
"01192.jpg","196466"
"01193.jpg","153821"
"01194.jpg","248689"
"01195.jpg","758601"
"01196.jpg","541350"
"01197.jpg","221845"
"01198.jpg","377099"
"01199.jpg","234538"
"01200.jpg","594905"
"01201.jpg","205600"
"01202.jpg","941226"
"01203.jpg","194207"
"01204.jpg","328489"
"01205.jpg","207275"
"01206.jpg","124186"
"01207.jpg","869188"
"01208.jpg","520372"
"01209.jpg","781177"
"01210.jpg","917172"
"01211.jpg","910017"
"01212.jpg","050609"
"01213.jpg","702933"
"01214.jpg","834137"
"01215.jpg","549631"
"01216.jpg","903018"
"01217.jpg","335218"
"01218.jpg","757452"
"01219.jpg","249672"
"01220.jpg","997306"
"01221.jpg","844202"
"01222.jpg","359720"
"01223.jpg","219406"
"01224.jpg","396355"
"01225.jpg","542088"
"01226.jpg","229654"
"01227.jpg","982584"
"01228.jpg","308246"
"01229.jpg","581669"
"01230.jpg","796421"
"01231.jpg","274467"
"01232.jpg","053977"
"01233.jpg","260865"
"01234.jpg","146221"
"01235.jpg","381783"
"01236.jpg","142731"
"01237.jpg","554373"
"01238.jpg","540495"
"01239.jpg","100492"
"01240.jpg","127964"
"01241.jpg","090242"
"01242.jpg","202464"
"01243.jpg","988872"
"01244.jpg","923161"
"01245.jpg","396365"
"01246.jpg","506525"
"01247.jpg","374232"
"01248.jpg","123540"
"01249.jpg","393913"
"01250.jpg","879995"
"01251.jpg","161264"
"01252.jpg","649320"
"01253.jpg","750653"
"01254.jpg","544552"
"01255.jpg","160573"
"01256.jpg","849376"
"01257.jpg","636738"
"01258.jpg","725726"
"01259.jpg","468441"
"01260.jpg","631212"
"01261.jpg","098758"
"01262.jpg","456430"
"01263.jpg","444153"
"01264.jpg","925156"
"01265.jpg","519539"
"01266.jpg","689416"
"01267.jpg","418107"
"01268.jpg","582434"
"01269.jpg","810429"
"01270.jpg","046555"
"01271.jpg","495023"
"01272.jpg","594633"
"01273.jpg","769445"
"01274.jpg","333441"
"01275.jpg","365522"
"01276.jpg","994664"
"01277.jpg","257352"
"01278.jpg","404132"
"01279.jpg","250043"
"01280.jpg","188707"
"01281.jpg","634157"
"01282.jpg","095173"
"01283.jpg","858666"
"01284.jpg","469625"
"01285.jpg","577579"
"01286.jpg","118871"
"01287.jpg","876854"
"01288.jpg","153988"
"01289.jpg","332948"
"01290.jpg","373168"
"01291.jpg","072095"
"01292.jpg","241016"
"01293.jpg","731802"
"01294.jpg","198937"
"01295.jpg","694494"
"01296.jpg","790664"
"01297.jpg","217318"
"01298.jpg","996344"
"01299.jpg","096832"
"01300.jpg","586954"
"01301.jpg","113187"
"01302.jpg","281944"
"01303.jpg","471677"
"01304.jpg","723443"
"01305.jpg","399722"
"01306.jpg","960901"
"01307.jpg","403383"
"01308.jpg","789568"
"01309.jpg","109400"
"01310.jpg","912590"
"01311.jpg","718575"
"01312.jpg","332964"
"01313.jpg","133796"
"01314.jpg","440554"
"01315.jpg","527526"
"01316.jpg","446142"
"01317.jpg","528348"
"01318.jpg","856381"
"01319.jpg","406449"
"01320.jpg","153219"
"01321.jpg","540611"
"01322.jpg","378135"
"01323.jpg","346665"
"01324.jpg","337559"
"01325.jpg","480706"
"01326.jpg","744143"
"01327.jpg","709297"
"01328.jpg","951985"
"01329.jpg","314169"
"01330.jpg","164623"
"01331.jpg","403319"
"01332.jpg","143857"
"01333.jpg","963654"
"01334.jpg","087027"
"01335.jpg","657739"
"01336.jpg","776341"
"01337.jpg","349275"
"01338.jpg","012375"
"01339.jpg","830702"
"01340.jpg","585265"
"01341.jpg","834348"
"01342.jpg","553462"
"01343.jpg","303218"
"01344.jpg","448391"
"01345.jpg","909882"
"01346.jpg","725245"
"01347.jpg","661111"
"01348.jpg","792747"
"01349.jpg","213016"
"01350.jpg","331125"
"01351.jpg","181429"
"01352.jpg","370718"
"01353.jpg","748962"
"01354.jpg","462674"
"01355.jpg","623234"
"01356.jpg","355789"
"01357.jpg","888703"
"01358.jpg","739119"
"01359.jpg","258011"
"01360.jpg","325260"
"01361.jpg","786711"
"01362.jpg","865770"
"01363.jpg","201343"
"01364.jpg","891465"
"01365.jpg","148416"
"01366.jpg","249031"
"01367.jpg","007756"
"01368.jpg","874953"
"01369.jpg","667447"
"01370.jpg","616884"
"01371.jpg","102421"
"01372.jpg","034038"
"01373.jpg","004058"
"01374.jpg","990771"
"01375.jpg","012419"
"01376.jpg","014231"
"01377.jpg","040501"
"01378.jpg","978468"
"01379.jpg","096060"
"01380.jpg","006723"
"01381.jpg","746296"
"01382.jpg","756383"
"01383.jpg","455888"
"01384.jpg","838255"
"01385.jpg","879848"
"01386.jpg","646482"
"01387.jpg","558735"
"01388.jpg","552229"
"01389.jpg","103974"
"01390.jpg","971285"
"01391.jpg","260436"
"01392.jpg","931626"
"01393.jpg","870843"
"01394.jpg","199985"
"01395.jpg","837170"
"01396.jpg","751997"
"01397.jpg","253555"
"01398.jpg","173111"
"01399.jpg","600868"
"01400.jpg","875287"
"01401.jpg","140311"
"01402.jpg","589629"
"01403.jpg","132919"
"01404.jpg","273515"
"01405.jpg","183115"
"01406.jpg","333406"
"01407.jpg","465760"
"01408.jpg","288029"
"01409.jpg","915164"
"01410.jpg","048520"
"01411.jpg","611938"
"01412.jpg","517799"
"01413.jpg","891090"
"01414.jpg","088451"
"01415.jpg","343524"
"01416.jpg","755706"
"01417.jpg","796135"
"01418.jpg","760876"
"01419.jpg","974540"
"01420.jpg","352072"
"01421.jpg","006750"
"01422.jpg","063891"
"01423.jpg","554221"
"01424.jpg","474603"
"01425.jpg","428813"
"01426.jpg","961043"
"01427.jpg","487279"
"01428.jpg","392621"
"01429.jpg","893493"
"01430.jpg","536639"
"01431.jpg","572352"
"01432.jpg","469792"
"01433.jpg","456829"
"01434.jpg","502104"
"01435.jpg","233758"
"01436.jpg","235169"
"01437.jpg","028633"
"01438.jpg","747088"
"01439.jpg","928562"
"01440.jpg","862082"
"01441.jpg","265467"
"01442.jpg","484000"
"01443.jpg","347432"
"01444.jpg","885319"
"01445.jpg","845412"
"01446.jpg","184030"
"01447.jpg","157041"
"01448.jpg","218527"
"01449.jpg","288623"
"01450.jpg","768391"
"01451.jpg","733727"
"01452.jpg","882363"
"01453.jpg","744426"
"01454.jpg","460519"
"01455.jpg","495630"
"01456.jpg","036722"
"01457.jpg","155760"
"01458.jpg","519526"
"01459.jpg","006096"
"01460.jpg","275912"
"01461.jpg","277882"
"01462.jpg","196287"
"01463.jpg","065155"
"01464.jpg","161216"
"01465.jpg","725277"
"01466.jpg","743811"
"01467.jpg","080087"
"01468.jpg","898518"
"01469.jpg","422601"
"01470.jpg","000008"
"01471.jpg","389316"
"01472.jpg","584355"
"01473.jpg","914917"
"01474.jpg","762180"
"01475.jpg","991069"
"01476.jpg","785563"
"01477.jpg","228590"
"01478.jpg","447925"
"01479.jpg","432389"
"01480.jpg","280116"
"01481.jpg","663045"
"01482.jpg","400344"
"01483.jpg","953210"
"01484.jpg","162542"
"01485.jpg","227135"
"01486.jpg","216089"
"01487.jpg","310503"
"01488.jpg","478257"
"01489.jpg","485202"
"01490.jpg","731155"
"01491.jpg","027650"
"01492.jpg","471644"
"01493.jpg","023276"
"01494.jpg","323171"
"01495.jpg","390003"
"01496.jpg","947572"
"01497.jpg","562020"
"01498.jpg","454807"
"01499.jpg","035397"
"01500.jpg","654423"
"01501.jpg","624387"
"01502.jpg","960042"
"01503.jpg","707765"
"01504.jpg","358957"
"01505.jpg","456639"
"01506.jpg","769649"
"01507.jpg","129362"
"01508.jpg","495304"
"01509.jpg","968213"
"01510.jpg","366977"
"01511.jpg","675664"
"01512.jpg","175185"
"01513.jpg","203842"
"01514.jpg","657860"
"01515.jpg","468657"
"01516.jpg","195891"
"01517.jpg","967347"
"01518.jpg","098861"
"01519.jpg","936473"
"01520.jpg","490043"
"01521.jpg","590676"
"01522.jpg","654586"
"01523.jpg","852398"
"01524.jpg","051909"
"01525.jpg","858276"
"01526.jpg","223302"
"01527.jpg","442859"
"01528.jpg","282519"
"01529.jpg","672187"
"01530.jpg","116236"
"01531.jpg","827584"
"01532.jpg","507846"
"01533.jpg","269287"
"01534.jpg","828198"
"01535.jpg","391289"
"01536.jpg","714876"
"01537.jpg","729852"
"01538.jpg","852682"
"01539.jpg","463906"
"01540.jpg","756781"
"01541.jpg","543622"
"01542.jpg","715385"
"01543.jpg","786445"
"01544.jpg","611426"
"01545.jpg","192087"
"01546.jpg","889003"
"01547.jpg","884860"
"01548.jpg","696288"
"01549.jpg","603693"
"01550.jpg","936753"
"01551.jpg","504002"
"01552.jpg","301118"
"01553.jpg","649802"
"01554.jpg","950232"
"01555.jpg","760607"
"01556.jpg","308606"
"01557.jpg","882115"
"01558.jpg","148580"
"01559.jpg","596803"
"01560.jpg","562779"
"01561.jpg","033415"
"01562.jpg","478996"
"01563.jpg","801892"
"01564.jpg","634482"
"01565.jpg","527858"
"01566.jpg","827838"
"01567.jpg","913247"
"01568.jpg","323643"
"01569.jpg","164521"
"01570.jpg","130767"
"01571.jpg","478743"
"01572.jpg","153460"
"01573.jpg","192414"
"01574.jpg","807568"
"01575.jpg","186255"
"01576.jpg","361100"
"01577.jpg","267461"
"01578.jpg","041432"
"01579.jpg","396256"
"01580.jpg","129584"
"01581.jpg","176441"
"01582.jpg","431769"
"01583.jpg","501942"
"01584.jpg","762223"
"01585.jpg","033546"
"01586.jpg","536160"
"01587.jpg","359277"
"01588.jpg","090317"
"01589.jpg","823611"
"01590.jpg","005198"
"01591.jpg","763298"
"01592.jpg","130983"
"01593.jpg","185466"
"01594.jpg","174312"
"01595.jpg","183808"
"01596.jpg","594610"
"01597.jpg","952435"
"01598.jpg","188806"
"01599.jpg","525554"
"01600.jpg","875283"
"01601.jpg","904483"
"01602.jpg","579354"
"01603.jpg","354573"
"01604.jpg","978195"
"01605.jpg","536304"
"01606.jpg","617527"
"01607.jpg","474877"
"01608.jpg","813703"
"01609.jpg","972250"
"01610.jpg","500747"
"01611.jpg","410389"
"01612.jpg","679913"
"01613.jpg","120566"
"01614.jpg","804532"
"01615.jpg","292980"
"01616.jpg","595587"
"01617.jpg","383243"
"01618.jpg","948090"
"01619.jpg","314673"
"01620.jpg","994654"
"01621.jpg","073140"
"01622.jpg","019856"
"01623.jpg","834530"
"01624.jpg","503277"
"01625.jpg","487159"
"01626.jpg","118149"
"01627.jpg","949484"
"01628.jpg","363761"
"01629.jpg","584883"
"01630.jpg","816396"
"01631.jpg","330424"
"01632.jpg","918383"
"01633.jpg","716143"
"01634.jpg","046265"
"01635.jpg","582581"
"01636.jpg","022625"
"01637.jpg","225400"
"01638.jpg","455157"
"01639.jpg","455859"
"01640.jpg","730922"
"01641.jpg","312731"
"01642.jpg","077194"
"01643.jpg","403260"
"01644.jpg","144980"
"01645.jpg","777865"
"01646.jpg","359423"
"01647.jpg","584175"
"01648.jpg","805017"
"01649.jpg","124090"
"01650.jpg","558649"
"01651.jpg","489973"
"01652.jpg","731207"
"01653.jpg","622258"
"01654.jpg","501835"
"01655.jpg","850969"
"01656.jpg","013247"
"01657.jpg","344304"
"01658.jpg","959362"
"01659.jpg","600810"
"01660.jpg","826870"
"01661.jpg","043955"
"01662.jpg","286414"
"01663.jpg","732445"
"01664.jpg","103633"
"01665.jpg","530776"
"01666.jpg","587339"
"01667.jpg","861704"
"01668.jpg","720964"
"01669.jpg","084083"
"01670.jpg","097177"
"01671.jpg","102134"
"01672.jpg","650019"
"01673.jpg","899308"
"01674.jpg","815549"
"01675.jpg","652763"
"01676.jpg","462646"
"01677.jpg","796773"
"01678.jpg","681207"
"01679.jpg","259891"
"01680.jpg","590912"
"01681.jpg","531849"
"01682.jpg","498912"
"01683.jpg","382765"
"01684.jpg","146258"
"01685.jpg","787955"
"01686.jpg","652831"
"01687.jpg","727699"
"01688.jpg","495726"
"01689.jpg","911132"
"01690.jpg","798399"
"01691.jpg","566836"
"01692.jpg","546968"
"01693.jpg","404350"
"01694.jpg","102655"
"01695.jpg","440882"
"01696.jpg","515044"
"01697.jpg","984243"
"01698.jpg","526087"
"01699.jpg","807005"
"01700.jpg","643362"
"01701.jpg","474276"
"01702.jpg","713593"
"01703.jpg","379385"
"01704.jpg","759441"
"01705.jpg","126994"
"01706.jpg","609953"
"01707.jpg","967317"
"01708.jpg","419755"
"01709.jpg","377358"
"01710.jpg","544989"
"01711.jpg","765233"
"01712.jpg","025589"
"01713.jpg","532110"
"01714.jpg","879156"
"01715.jpg","748630"
"01716.jpg","712105"
"01717.jpg","757634"
"01718.jpg","629634"
"01719.jpg","772597"
"01720.jpg","675976"
"01721.jpg","592190"
"01722.jpg","235259"
"01723.jpg","206149"
"01724.jpg","610853"
"01725.jpg","140658"
"01726.jpg","826555"
"01727.jpg","366538"
"01728.jpg","835357"
"01729.jpg","784883"
"01730.jpg","068604"
"01731.jpg","908968"
"01732.jpg","964981"
"01733.jpg","638069"
"01734.jpg","133889"
"01735.jpg","400591"
"01736.jpg","652186"
"01737.jpg","544503"
"01738.jpg","074267"
"01739.jpg","459045"
"01740.jpg","439834"
"01741.jpg","772329"
"01742.jpg","681620"
"01743.jpg","818451"
"01744.jpg","857435"
"01745.jpg","486757"
"01746.jpg","907748"
"01747.jpg","776705"
"01748.jpg","145626"
"01749.jpg","907012"
"01750.jpg","255414"
"01751.jpg","161189"
"01752.jpg","596947"
"01753.jpg","026336"
"01754.jpg","146907"
"01755.jpg","701789"
"01756.jpg","244002"
"01757.jpg","914822"
"01758.jpg","305157"
"01759.jpg","581651"
"01760.jpg","992618"
"01761.jpg","031619"
"01762.jpg","560366"
"01763.jpg","483452"
"01764.jpg","204138"
"01765.jpg","744414"
"01766.jpg","181482"
"01767.jpg","753352"
"01768.jpg","579926"
"01769.jpg","458578"
"01770.jpg","743287"
"01771.jpg","450531"
"01772.jpg","689683"
"01773.jpg","538579"
"01774.jpg","892540"
"01775.jpg","122526"
"01776.jpg","658680"
"01777.jpg","286438"
"01778.jpg","038931"
"01779.jpg","011443"
"01780.jpg","866637"
"01781.jpg","632799"
"01782.jpg","892586"
"01783.jpg","792503"
"01784.jpg","518708"
"01785.jpg","216790"
"01786.jpg","593256"
"01787.jpg","341155"
"01788.jpg","821574"
"01789.jpg","085826"
"01790.jpg","866912"
"01791.jpg","061255"
"01792.jpg","321937"
"01793.jpg","489795"
"01794.jpg","221435"
"01795.jpg","989881"
"01796.jpg","694578"
"01797.jpg","276605"
"01798.jpg","049476"
"01799.jpg","076417"
"01800.jpg","531017"
"01801.jpg","501602"
"01802.jpg","221321"
"01803.jpg","139582"
"01804.jpg","903032"
"01805.jpg","783549"
"01806.jpg","094673"
"01807.jpg","141302"
"01808.jpg","925910"
"01809.jpg","237695"
"01810.jpg","472583"
"01811.jpg","731577"
"01812.jpg","518460"
"01813.jpg","935005"
"01814.jpg","483160"
"01815.jpg","483633"
"01816.jpg","246544"
"01817.jpg","755296"
"01818.jpg","298210"
"01819.jpg","352810"
"01820.jpg","494713"
"01821.jpg","268771"
"01822.jpg","542155"
"01823.jpg","902319"
"01824.jpg","191549"
"01825.jpg","937346"
"01826.jpg","384859"
"01827.jpg","862213"
"01828.jpg","254100"
"01829.jpg","910795"
"01830.jpg","450393"
"01831.jpg","381712"
"01832.jpg","851583"
"01833.jpg","934751"
"01834.jpg","005087"
"01835.jpg","178253"
"01836.jpg","971872"
"01837.jpg","176236"
"01838.jpg","323358"
"01839.jpg","759072"
"01840.jpg","369336"
"01841.jpg","807141"
"01842.jpg","541317"
"01843.jpg","393189"
"01844.jpg","877369"
"01845.jpg","136154"
"01846.jpg","663113"
"01847.jpg","378238"
"01848.jpg","600539"
"01849.jpg","689669"
"01850.jpg","254519"
"01851.jpg","921422"
"01852.jpg","080752"
"01853.jpg","717858"
"01854.jpg","176497"
"01855.jpg","930682"
"01856.jpg","565746"
"01857.jpg","253605"
"01858.jpg","080744"
"01859.jpg","910197"
"01860.jpg","302157"
"01861.jpg","071436"
"01862.jpg","417651"
"01863.jpg","757031"
"01864.jpg","703258"
"01865.jpg","368160"
"01866.jpg","175843"
"01867.jpg","408830"
"01868.jpg","240931"
"01869.jpg","450635"
"01870.jpg","422723"
"01871.jpg","326816"
"01872.jpg","820008"
"01873.jpg","560306"
"01874.jpg","766823"
"01875.jpg","423773"
"01876.jpg","431551"
"01877.jpg","993644"
"01878.jpg","788007"
"01879.jpg","869998"
"01880.jpg","917600"
"01881.jpg","274015"
"01882.jpg","020610"
"01883.jpg","401614"
"01884.jpg","506315"
"01885.jpg","156039"
"01886.jpg","005150"
"01887.jpg","689818"
"01888.jpg","206999"
"01889.jpg","419974"
"01890.jpg","540023"
"01891.jpg","929565"
"01892.jpg","118968"
"01893.jpg","087409"
"01894.jpg","245186"
"01895.jpg","372038"
"01896.jpg","927181"
"01897.jpg","973536"
"01898.jpg","521521"
"01899.jpg","740625"
"01900.jpg","362369"
"01901.jpg","124492"
"01902.jpg","486567"
"01903.jpg","423905"
"01904.jpg","186287"
"01905.jpg","012974"
"01906.jpg","273106"
"01907.jpg","199324"
"01908.jpg","835985"
"01909.jpg","464847"
"01910.jpg","025569"
"01911.jpg","705542"
"01912.jpg","840373"
"01913.jpg","144104"
"01914.jpg","940869"
"01915.jpg","811427"
"01916.jpg","465520"
"01917.jpg","879360"
"01918.jpg","873092"
"01919.jpg","243670"
"01920.jpg","924346"
"01921.jpg","822068"
"01922.jpg","143017"
"01923.jpg","452022"
"01924.jpg","418055"
"01925.jpg","448354"
"01926.jpg","529444"
"01927.jpg","326726"
"01928.jpg","597646"
"01929.jpg","741122"
"01930.jpg","689815"
"01931.jpg","025794"
"01932.jpg","888080"
"01933.jpg","486264"
"01934.jpg","593748"
"01935.jpg","059628"
"01936.jpg","581875"
"01937.jpg","772907"
"01938.jpg","282551"
"01939.jpg","829507"
"01940.jpg","287731"
"01941.jpg","435068"
"01942.jpg","855095"
"01943.jpg","387022"
"01944.jpg","130775"
"01945.jpg","224712"
"01946.jpg","371035"
"01947.jpg","919678"
"01948.jpg","790435"
"01949.jpg","925512"
"01950.jpg","367036"
"01951.jpg","578398"
"01952.jpg","323302"
"01953.jpg","301501"
"01954.jpg","508354"
"01955.jpg","929480"
"01956.jpg","159015"
"01957.jpg","669834"
"01958.jpg","325144"
"01959.jpg","384863"
"01960.jpg","826269"
"01961.jpg","223164"
"01962.jpg","762048"
"01963.jpg","306569"
"01964.jpg","710244"
"01965.jpg","546702"
"01966.jpg","620905"
"01967.jpg","965598"
"01968.jpg","435750"
"01969.jpg","190900"
"01970.jpg","598017"
"01971.jpg","761645"
"01972.jpg","708851"
"01973.jpg","454570"
"01974.jpg","066208"
"01975.jpg","527807"
"01976.jpg","817904"
"01977.jpg","419305"
"01978.jpg","421796"
"01979.jpg","241348"
"01980.jpg","632677"
"01981.jpg","174156"
"01982.jpg","193501"
"01983.jpg","366178"
"01984.jpg","949434"
"01985.jpg","617772"
"01986.jpg","430993"
"01987.jpg","148569"
"01988.jpg","184340"
"01989.jpg","044546"
"01990.jpg","866676"
"01991.jpg","208818"
"01992.jpg","167544"
"01993.jpg","373100"
"01994.jpg","089001"
"01995.jpg","240097"
"01996.jpg","722656"
"01997.jpg","142196"
"01998.jpg","393070"
"01999.jpg","178134"
"02000.jpg","943454"
"02001.jpg","150669"
"02002.jpg","359603"
"02003.jpg","358170"
"02004.jpg","602293"
"02005.jpg","991613"
"02006.jpg","417855"
"02007.jpg","987195"
"02008.jpg","177846"
"02009.jpg","907293"
"02010.jpg","556512"
"02011.jpg","080583"
"02012.jpg","057215"
"02013.jpg","009644"
"02014.jpg","710489"
"02015.jpg","639439"
"02016.jpg","513734"
"02017.jpg","453400"
"02018.jpg","428201"
"02019.jpg","701841"
"02020.jpg","176333"
"02021.jpg","400254"
"02022.jpg","716286"
"02023.jpg","901930"
"02024.jpg","331657"
"02025.jpg","158104"
"02026.jpg","616506"
"02027.jpg","228721"
"02028.jpg","361784"
"02029.jpg","332689"
"02030.jpg","585854"
"02031.jpg","296195"
"02032.jpg","818578"
"02033.jpg","705518"
"02034.jpg","207247"
"02035.jpg","730728"
"02036.jpg","080391"
"02037.jpg","203710"
"02038.jpg","311829"
"02039.jpg","965180"
"02040.jpg","129237"
"02041.jpg","439633"
"02042.jpg","998042"
"02043.jpg","681173"
"02044.jpg","901045"
"02045.jpg","771703"
"02046.jpg","833298"
"02047.jpg","402655"
"02048.jpg","426526"
"02049.jpg","903854"
"02050.jpg","318742"
"02051.jpg","327134"
"02052.jpg","226949"
"02053.jpg","980918"
"02054.jpg","198100"
"02055.jpg","095338"
"02056.jpg","459046"
"02057.jpg","900093"
"02058.jpg","204962"
"02059.jpg","150673"
"02060.jpg","419731"
"02061.jpg","379405"
"02062.jpg","814685"
"02063.jpg","245052"
"02064.jpg","494160"
"02065.jpg","315967"
"02066.jpg","327491"
"02067.jpg","499753"
"02068.jpg","788187"
"02069.jpg","582939"
"02070.jpg","962703"
"02071.jpg","283643"
"02072.jpg","522104"
"02073.jpg","841871"
"02074.jpg","067420"
"02075.jpg","504692"
"02076.jpg","237988"
"02077.jpg","058227"
"02078.jpg","487693"
"02079.jpg","492560"
"02080.jpg","479169"
"02081.jpg","597778"
"02082.jpg","885623"
"02083.jpg","415506"
"02084.jpg","928462"
"02085.jpg","873655"
"02086.jpg","426510"
"02087.jpg","876838"
"02088.jpg","471445"
"02089.jpg","938953"
"02090.jpg","647694"
"02091.jpg","971615"
"02092.jpg","985389"
"02093.jpg","897473"
"02094.jpg","058472"
"02095.jpg","131865"
"02096.jpg","771209"
"02097.jpg","136519"
"02098.jpg","057395"
"02099.jpg","139176"
"02100.jpg","790129"
"02101.jpg","552557"
"02102.jpg","825597"
"02103.jpg","443973"
"02104.jpg","368824"
"02105.jpg","908195"
"02106.jpg","164194"
"02107.jpg","719843"
"02108.jpg","705043"
"02109.jpg","941690"
"02110.jpg","880408"
"02111.jpg","931582"
"02112.jpg","342404"
"02113.jpg","294135"
"02114.jpg","554890"
"02115.jpg","920395"
"02116.jpg","510818"
"02117.jpg","146074"
"02118.jpg","438164"
"02119.jpg","013850"
"02120.jpg","897175"
"02121.jpg","860631"
"02122.jpg","260210"
"02123.jpg","968150"
"02124.jpg","512446"
"02125.jpg","976315"
"02126.jpg","735398"
"02127.jpg","312624"
"02128.jpg","125778"
"02129.jpg","570158"
"02130.jpg","580928"
"02131.jpg","706530"
"02132.jpg","642886"
"02133.jpg","622208"
"02134.jpg","992394"
"02135.jpg","525294"
"02136.jpg","244978"
"02137.jpg","737705"
"02138.jpg","409141"
"02139.jpg","397448"
"02140.jpg","523806"
"02141.jpg","147702"
"02142.jpg","259991"
"02143.jpg","682737"
"02144.jpg","367715"
"02145.jpg","821274"
"02146.jpg","827975"
"02147.jpg","354252"
"02148.jpg","668413"
"02149.jpg","699952"
"02150.jpg","132474"
"02151.jpg","861410"
"02152.jpg","321935"
"02153.jpg","420505"
"02154.jpg","978422"
"02155.jpg","249856"
"02156.jpg","802018"
"02157.jpg","481507"
"02158.jpg","307370"
"02159.jpg","023439"
"02160.jpg","508394"
"02161.jpg","706927"
"02162.jpg","661076"
"02163.jpg","494433"
"02164.jpg","678732"
"02165.jpg","341655"
"02166.jpg","986595"
"02167.jpg","583798"
"02168.jpg","780822"
"02169.jpg","147370"
"02170.jpg","535535"
"02171.jpg","617079"
"02172.jpg","763455"
"02173.jpg","108034"
"02174.jpg","169840"
"02175.jpg","832858"
"02176.jpg","328751"
"02177.jpg","667399"
"02178.jpg","391738"
"02179.jpg","097492"
"02180.jpg","073921"
"02181.jpg","729291"
"02182.jpg","626472"
"02183.jpg","767073"
"02184.jpg","683802"
"02185.jpg","464084"
"02186.jpg","516786"
"02187.jpg","942769"
"02188.jpg","669910"
"02189.jpg","829749"
"02190.jpg","172532"
"02191.jpg","245993"
"02192.jpg","870515"
"02193.jpg","509402"
"02194.jpg","299766"
"02195.jpg","438990"
"02196.jpg","730622"
"02197.jpg","039411"
"02198.jpg","995312"
"02199.jpg","187637"
"02200.jpg","743008"
"02201.jpg","380529"
"02202.jpg","700732"
"02203.jpg","317958"
"02204.jpg","144739"
"02205.jpg","103296"
"02206.jpg","463427"
"02207.jpg","946744"
"02208.jpg","994283"
"02209.jpg","413898"
"02210.jpg","808624"
"02211.jpg","937160"
"02212.jpg","307940"
"02213.jpg","651815"
"02214.jpg","404774"
"02215.jpg","815820"
"02216.jpg","957089"
"02217.jpg","111437"
"02218.jpg","233464"
"02219.jpg","462117"
"02220.jpg","160733"
"02221.jpg","367856"
"02222.jpg","007084"
"02223.jpg","246392"
"02224.jpg","580297"
"02225.jpg","390585"
"02226.jpg","265901"
"02227.jpg","179673"
"02228.jpg","197372"
"02229.jpg","197492"
"02230.jpg","518323"
"02231.jpg","827940"
"02232.jpg","584149"
"02233.jpg","180365"
"02234.jpg","856791"
"02235.jpg","291165"
"02236.jpg","005222"
"02237.jpg","532366"
"02238.jpg","484686"
"02239.jpg","911932"
"02240.jpg","529225"
"02241.jpg","212815"
"02242.jpg","877477"
"02243.jpg","545284"
"02244.jpg","778422"
"02245.jpg","077524"
"02246.jpg","977140"
"02247.jpg","032373"
"02248.jpg","026251"
"02249.jpg","889131"
"02250.jpg","027153"
"02251.jpg","599750"
"02252.jpg","532358"
"02253.jpg","448378"
"02254.jpg","936788"
"02255.jpg","439730"
"02256.jpg","902579"
"02257.jpg","063809"
"02258.jpg","052717"
"02259.jpg","038105"
"02260.jpg","847035"
"02261.jpg","126175"
"02262.jpg","808028"
"02263.jpg","759090"
"02264.jpg","505098"
"02265.jpg","327882"
"02266.jpg","160071"
"02267.jpg","193967"
"02268.jpg","569935"
"02269.jpg","839947"
"02270.jpg","754515"
"02271.jpg","980222"
"02272.jpg","722095"
"02273.jpg","312347"
"02274.jpg","946032"
"02275.jpg","723494"
"02276.jpg","932028"
"02277.jpg","192000"
"02278.jpg","192621"
"02279.jpg","147008"
"02280.jpg","883260"
"02281.jpg","747909"
"02282.jpg","046577"
"02283.jpg","597831"
"02284.jpg","862058"
"02285.jpg","096590"
"02286.jpg","504918"
"02287.jpg","661623"
"02288.jpg","911973"
"02289.jpg","933249"
"02290.jpg","056951"
"02291.jpg","854135"
"02292.jpg","195423"
"02293.jpg","418186"
"02294.jpg","038560"
"02295.jpg","067458"
"02296.jpg","786274"
"02297.jpg","093843"
"02298.jpg","614274"
"02299.jpg","917414"
"02300.jpg","094507"
"02301.jpg","602803"
"02302.jpg","338987"
"02303.jpg","626683"
"02304.jpg","077584"
"02305.jpg","098745"
"02306.jpg","762477"
"02307.jpg","903229"
"02308.jpg","960177"
"02309.jpg","786009"
"02310.jpg","216622"
"02311.jpg","061318"
"02312.jpg","517102"
"02313.jpg","816961"
"02314.jpg","818120"
"02315.jpg","003086"
"02316.jpg","115387"
"02317.jpg","630653"
"02318.jpg","239179"
"02319.jpg","274304"
"02320.jpg","333428"
"02321.jpg","463883"
"02322.jpg","803229"
"02323.jpg","078239"
"02324.jpg","826401"
"02325.jpg","790826"
"02326.jpg","066839"
"02327.jpg","915984"
"02328.jpg","314901"
"02329.jpg","122180"
"02330.jpg","324825"
"02331.jpg","591648"
"02332.jpg","095437"
"02333.jpg","916270"
"02334.jpg","136721"
"02335.jpg","661706"
"02336.jpg","883592"
"02337.jpg","613913"
"02338.jpg","994925"
"02339.jpg","537658"
"02340.jpg","273568"
"02341.jpg","441359"
"02342.jpg","016535"
"02343.jpg","615295"
"02344.jpg","071684"
"02345.jpg","112460"
"02346.jpg","167041"
"02347.jpg","260705"
"02348.jpg","749873"
"02349.jpg","933310"
"02350.jpg","093353"
"02351.jpg","526051"
"02352.jpg","649924"
"02353.jpg","108851"
"02354.jpg","954118"
"02355.jpg","402344"
"02356.jpg","458255"
"02357.jpg","116958"
"02358.jpg","611922"
"02359.jpg","661190"
"02360.jpg","880017"
"02361.jpg","802396"
"02362.jpg","343730"
"02363.jpg","487413"
"02364.jpg","836745"
"02365.jpg","557957"
"02366.jpg","553560"
"02367.jpg","965606"
"02368.jpg","871952"
"02369.jpg","691793"
"02370.jpg","752106"
"02371.jpg","133885"
"02372.jpg","431960"
"02373.jpg","614429"
"02374.jpg","972235"
"02375.jpg","464472"
"02376.jpg","959974"
"02377.jpg","343163"
"02378.jpg","853584"
"02379.jpg","554198"
"02380.jpg","885997"
"02381.jpg","811597"
"02382.jpg","282336"
"02383.jpg","866575"
"02384.jpg","361737"
"02385.jpg","515683"
"02386.jpg","219468"
"02387.jpg","052198"
"02388.jpg","525963"
"02389.jpg","373947"
"02390.jpg","991836"
"02391.jpg","136546"
"02392.jpg","811561"
"02393.jpg","881293"
"02394.jpg","595446"
"02395.jpg","991693"
"02396.jpg","632707"
"02397.jpg","563732"
"02398.jpg","913198"
"02399.jpg","322377"
"02400.jpg","848155"
"02401.jpg","766201"
"02402.jpg","775612"
"02403.jpg","672667"
"02404.jpg","713062"
"02405.jpg","525211"
"02406.jpg","473220"
"02407.jpg","416533"
"02408.jpg","625068"
"02409.jpg","546163"
"02410.jpg","094154"
"02411.jpg","333600"
"02412.jpg","478805"
"02413.jpg","111183"
"02414.jpg","178571"
"02415.jpg","592514"
"02416.jpg","254181"
"02417.jpg","081120"
"02418.jpg","627646"
"02419.jpg","585069"
"02420.jpg","977604"
"02421.jpg","103272"
"02422.jpg","865886"
"02423.jpg","300180"
"02424.jpg","982637"
"02425.jpg","303058"
"02426.jpg","010435"
"02427.jpg","226396"
"02428.jpg","417363"
"02429.jpg","062666"
"02430.jpg","521409"
"02431.jpg","305180"
"02432.jpg","089257"
"02433.jpg","718240"
"02434.jpg","778145"
"02435.jpg","401084"
"02436.jpg","945208"
"02437.jpg","236158"
"02438.jpg","454607"
"02439.jpg","947624"
"02440.jpg","724291"
"02441.jpg","355517"
"02442.jpg","814311"
"02443.jpg","924678"
"02444.jpg","449182"
"02445.jpg","249692"
"02446.jpg","798693"
"02447.jpg","951722"
"02448.jpg","108680"
"02449.jpg","651277"
"02450.jpg","128161"
"02451.jpg","284809"
"02452.jpg","614480"
"02453.jpg","564529"
"02454.jpg","616174"
"02455.jpg","381264"
"02456.jpg","561171"
"02457.jpg","554442"
"02458.jpg","748178"
"02459.jpg","772305"
"02460.jpg","032193"
"02461.jpg","860210"
"02462.jpg","689074"
"02463.jpg","568951"
"02464.jpg","770860"
"02465.jpg","271400"
"02466.jpg","074633"
"02467.jpg","418198"
"02468.jpg","330535"
"02469.jpg","154922"
"02470.jpg","304366"
"02471.jpg","254213"
"02472.jpg","599579"
"02473.jpg","296838"
"02474.jpg","696677"
"02475.jpg","964210"
"02476.jpg","392418"
"02477.jpg","423075"
"02478.jpg","776584"
"02479.jpg","542758"
"02480.jpg","004340"
"02481.jpg","827105"
"02482.jpg","116731"
"02483.jpg","753355"
"02484.jpg","205012"
"02485.jpg","930640"
"02486.jpg","885889"
"02487.jpg","694519"
"02488.jpg","582799"
"02489.jpg","077086"
"02490.jpg","800649"
"02491.jpg","647586"
"02492.jpg","032214"
"02493.jpg","976644"
"02494.jpg","013816"
"02495.jpg","032383"
"02496.jpg","977212"
"02497.jpg","472931"
"02498.jpg","197170"
"02499.jpg","668883"
"02500.jpg","828763"
"02501.jpg","133822"
"02502.jpg","286616"
"02503.jpg","863066"
"02504.jpg","112503"
"02505.jpg","422092"
"02506.jpg","491658"
"02507.jpg","914924"
"02508.jpg","997094"
"02509.jpg","181029"
"02510.jpg","418457"
"02511.jpg","600298"
"02512.jpg","148841"
"02513.jpg","253903"
"02514.jpg","407186"
"02515.jpg","233919"
"02516.jpg","789617"
"02517.jpg","307997"
"02518.jpg","657502"
"02519.jpg","408179"
"02520.jpg","902992"
"02521.jpg","911730"
"02522.jpg","564258"
"02523.jpg","044458"
"02524.jpg","480980"
"02525.jpg","590823"
"02526.jpg","238078"
"02527.jpg","659673"
"02528.jpg","084577"
"02529.jpg","014759"
"02530.jpg","784363"
"02531.jpg","962704"
"02532.jpg","462464"
"02533.jpg","414244"
"02534.jpg","208990"
"02535.jpg","734467"
"02536.jpg","239517"
"02537.jpg","945387"
"02538.jpg","500083"
"02539.jpg","086504"
"02540.jpg","991068"
"02541.jpg","558531"
"02542.jpg","119322"
"02543.jpg","235307"
"02544.jpg","814635"
"02545.jpg","697584"
"02546.jpg","342562"
"02547.jpg","226047"
"02548.jpg","004672"
"02549.jpg","821289"
"02550.jpg","253168"
"02551.jpg","152223"
"02552.jpg","221475"
"02553.jpg","856960"
"02554.jpg","206272"
"02555.jpg","037429"
"02556.jpg","951045"
"02557.jpg","602809"
"02558.jpg","255612"
"02559.jpg","090094"
"02560.jpg","928791"
"02561.jpg","781981"
"02562.jpg","286911"
"02563.jpg","098621"
"02564.jpg","089333"
"02565.jpg","060690"
"02566.jpg","370759"
"02567.jpg","015080"
"02568.jpg","563135"
"02569.jpg","432746"
"02570.jpg","911944"
"02571.jpg","905625"
"02572.jpg","190665"
"02573.jpg","542243"
"02574.jpg","997067"
"02575.jpg","804626"
"02576.jpg","938004"
"02577.jpg","583082"
"02578.jpg","482284"
"02579.jpg","464417"
"02580.jpg","953052"
"02581.jpg","219434"
"02582.jpg","424921"
"02583.jpg","242648"
"02584.jpg","234470"
"02585.jpg","101143"
"02586.jpg","698356"
"02587.jpg","834425"
"02588.jpg","508979"
"02589.jpg","373176"
"02590.jpg","375655"
"02591.jpg","068865"
"02592.jpg","114637"
"02593.jpg","251725"
"02594.jpg","473257"
"02595.jpg","875726"
"02596.jpg","811920"
"02597.jpg","568941"
"02598.jpg","480132"
"02599.jpg","262162"
"02600.jpg","282710"
"02601.jpg","983317"
"02602.jpg","307654"
"02603.jpg","098915"
"02604.jpg","638517"
"02605.jpg","734352"
"02606.jpg","829807"
"02607.jpg","475598"
"02608.jpg","804686"
"02609.jpg","971967"
"02610.jpg","207436"
"02611.jpg","462680"
"02612.jpg","417297"
"02613.jpg","697039"
"02614.jpg","384882"
"02615.jpg","651914"
"02616.jpg","901399"
"02617.jpg","389187"
"02618.jpg","554992"
"02619.jpg","509871"
"02620.jpg","078221"
"02621.jpg","891871"
"02622.jpg","195145"
"02623.jpg","029434"
"02624.jpg","846312"
"02625.jpg","678452"
"02626.jpg","429618"
"02627.jpg","459838"
"02628.jpg","139482"
"02629.jpg","088908"
"02630.jpg","960138"
"02631.jpg","239539"
"02632.jpg","977460"
"02633.jpg","058495"
"02634.jpg","093215"
"02635.jpg","923924"
"02636.jpg","946601"
"02637.jpg","634351"
"02638.jpg","712024"
"02639.jpg","754684"
"02640.jpg","200301"
"02641.jpg","415579"
"02642.jpg","069201"
"02643.jpg","130469"
"02644.jpg","494021"
"02645.jpg","794134"
"02646.jpg","694365"
"02647.jpg","270220"
"02648.jpg","916620"
"02649.jpg","134663"
"02650.jpg","785139"
"02651.jpg","075292"
"02652.jpg","717065"
"02653.jpg","330497"
"02654.jpg","652071"
"02655.jpg","266120"
"02656.jpg","378797"
"02657.jpg","359178"
"02658.jpg","418354"
"02659.jpg","442740"
"02660.jpg","915094"
"02661.jpg","575464"
"02662.jpg","771033"
"02663.jpg","167500"
"02664.jpg","241174"
"02665.jpg","522863"
"02666.jpg","047505"
"02667.jpg","466430"
"02668.jpg","765230"
"02669.jpg","706868"
"02670.jpg","023762"
"02671.jpg","908360"
"02672.jpg","518626"
"02673.jpg","363207"
"02674.jpg","824579"
"02675.jpg","259348"
"02676.jpg","776078"
"02677.jpg","471235"
"02678.jpg","892070"
"02679.jpg","432518"
"02680.jpg","998358"
"02681.jpg","826645"
"02682.jpg","451171"
"02683.jpg","275421"
"02684.jpg","211231"
"02685.jpg","841791"
"02686.jpg","974776"
"02687.jpg","505759"
"02688.jpg","535087"
"02689.jpg","048984"
"02690.jpg","646269"
"02691.jpg","638361"
"02692.jpg","298766"
"02693.jpg","654023"
"02694.jpg","134620"
"02695.jpg","058474"
"02696.jpg","417331"
"02697.jpg","053309"
"02698.jpg","235420"
"02699.jpg","330291"
"02700.jpg","888977"
"02701.jpg","843328"
"02702.jpg","186453"
"02703.jpg","697281"
"02704.jpg","213305"
"02705.jpg","671165"
"02706.jpg","578157"
"02707.jpg","444827"
"02708.jpg","857476"
"02709.jpg","821973"
"02710.jpg","054527"
"02711.jpg","629861"
"02712.jpg","407680"
"02713.jpg","216371"
"02714.jpg","778204"
"02715.jpg","419516"
"02716.jpg","460282"
"02717.jpg","270086"
"02718.jpg","788186"
"02719.jpg","145976"
"02720.jpg","699752"
"02721.jpg","283458"
"02722.jpg","968425"
"02723.jpg","891376"
"02724.jpg","676713"
"02725.jpg","581486"
"02726.jpg","185823"
"02727.jpg","759666"
"02728.jpg","540056"
"02729.jpg","596454"
"02730.jpg","159716"
"02731.jpg","803131"
"02732.jpg","313196"
"02733.jpg","335683"
"02734.jpg","809284"
"02735.jpg","912786"
"02736.jpg","332942"
"02737.jpg","253996"
"02738.jpg","674969"
"02739.jpg","589160"
"02740.jpg","528256"
"02741.jpg","447180"
"02742.jpg","752782"
"02743.jpg","298933"
"02744.jpg","714602"
"02745.jpg","105642"
"02746.jpg","880490"
"02747.jpg","225966"
"02748.jpg","793375"
"02749.jpg","614051"
"02750.jpg","232990"
"02751.jpg","625712"
"02752.jpg","292100"
"02753.jpg","639003"
"02754.jpg","416621"
"02755.jpg","172585"
"02756.jpg","296111"
"02757.jpg","591280"
"02758.jpg","084517"
"02759.jpg","407208"
"02760.jpg","592490"
"02761.jpg","749186"
"02762.jpg","031017"
"02763.jpg","285467"
"02764.jpg","541316"
"02765.jpg","814784"
"02766.jpg","722152"
"02767.jpg","832945"
"02768.jpg","549189"
"02769.jpg","701704"
"02770.jpg","638154"
"02771.jpg","978803"
"02772.jpg","700108"
"02773.jpg","924497"
"02774.jpg","318236"
"02775.jpg","462422"
"02776.jpg","209892"
"02777.jpg","851716"
"02778.jpg","113946"
"02779.jpg","836117"
"02780.jpg","420736"
"02781.jpg","919008"
"02782.jpg","061439"
"02783.jpg","179540"
"02784.jpg","305604"
"02785.jpg","554213"
"02786.jpg","278431"
"02787.jpg","008545"
"02788.jpg","552646"
"02789.jpg","908310"
"02790.jpg","676156"
"02791.jpg","470464"
"02792.jpg","052359"
"02793.jpg","662641"
"02794.jpg","979956"
"02795.jpg","918645"
"02796.jpg","172824"
"02797.jpg","927053"
"02798.jpg","110678"
"02799.jpg","093790"
"02800.jpg","503407"
"02801.jpg","429130"
"02802.jpg","577102"
"02803.jpg","517183"
"02804.jpg","882480"
"02805.jpg","392087"
"02806.jpg","990854"
"02807.jpg","890696"
"02808.jpg","516407"
"02809.jpg","179797"
"02810.jpg","765755"
"02811.jpg","323250"
"02812.jpg","866746"
"02813.jpg","395107"
"02814.jpg","544793"
"02815.jpg","686423"
"02816.jpg","786911"
"02817.jpg","342806"
"02818.jpg","181998"
"02819.jpg","421315"
"02820.jpg","378589"
"02821.jpg","139116"
"02822.jpg","115079"
"02823.jpg","677004"
"02824.jpg","712224"
"02825.jpg","066716"
"02826.jpg","744374"
"02827.jpg","508948"
"02828.jpg","945392"
"02829.jpg","468341"
"02830.jpg","715602"
"02831.jpg","021262"
"02832.jpg","909730"
"02833.jpg","187767"
"02834.jpg","923995"
"02835.jpg","351749"
"02836.jpg","633928"
"02837.jpg","404875"
"02838.jpg","396252"
"02839.jpg","082924"
"02840.jpg","254945"
"02841.jpg","483622"
"02842.jpg","126613"
"02843.jpg","252172"
"02844.jpg","542185"
"02845.jpg","986371"
"02846.jpg","639062"
"02847.jpg","413707"
"02848.jpg","143052"
"02849.jpg","216797"
"02850.jpg","855885"
"02851.jpg","288848"
"02852.jpg","241234"
"02853.jpg","720108"
"02854.jpg","588860"
"02855.jpg","984903"
"02856.jpg","633234"
"02857.jpg","720298"
"02858.jpg","388297"
"02859.jpg","088226"
"02860.jpg","920468"
"02861.jpg","950183"
"02862.jpg","657251"
"02863.jpg","740647"
"02864.jpg","749462"
"02865.jpg","670176"
"02866.jpg","800779"
"02867.jpg","138610"
"02868.jpg","899522"
"02869.jpg","357601"
"02870.jpg","204462"
"02871.jpg","973709"
"02872.jpg","839693"
"02873.jpg","088257"
"02874.jpg","570842"
"02875.jpg","767610"
"02876.jpg","182674"
"02877.jpg","392022"
"02878.jpg","381785"
"02879.jpg","758796"
"02880.jpg","862923"
"02881.jpg","779526"
"02882.jpg","010446"
"02883.jpg","171673"
"02884.jpg","039340"
"02885.jpg","264348"
"02886.jpg","970936"
"02887.jpg","588033"
"02888.jpg","331235"
"02889.jpg","812684"
"02890.jpg","114488"
"02891.jpg","198503"
"02892.jpg","112474"
"02893.jpg","077254"
"02894.jpg","104060"
"02895.jpg","406226"
"02896.jpg","653835"
"02897.jpg","462241"
"02898.jpg","890214"
"02899.jpg","973470"
"02900.jpg","239474"
"02901.jpg","775357"
"02902.jpg","809402"
"02903.jpg","456442"
"02904.jpg","222848"
"02905.jpg","146172"
"02906.jpg","439368"
"02907.jpg","548230"
"02908.jpg","834882"
"02909.jpg","088268"
"02910.jpg","981106"
"02911.jpg","603006"
"02912.jpg","398430"
"02913.jpg","460023"
"02914.jpg","680574"
"02915.jpg","566128"
"02916.jpg","207251"
"02917.jpg","298364"
"02918.jpg","551103"
"02919.jpg","101625"
"02920.jpg","911639"
"02921.jpg","042369"
"02922.jpg","080885"
"02923.jpg","961875"
"02924.jpg","274439"
"02925.jpg","576398"
"02926.jpg","016889"
"02927.jpg","395943"
"02928.jpg","224632"
"02929.jpg","019519"
"02930.jpg","052057"
"02931.jpg","849592"
"02932.jpg","491506"
"02933.jpg","750155"
"02934.jpg","345271"
"02935.jpg","996648"
"02936.jpg","659581"
"02937.jpg","448323"
"02938.jpg","216444"
"02939.jpg","376345"
"02940.jpg","448397"
"02941.jpg","620471"
"02942.jpg","853207"
"02943.jpg","966486"
"02944.jpg","624144"
"02945.jpg","315152"
"02946.jpg","007932"
"02947.jpg","058300"
"02948.jpg","956027"
"02949.jpg","367101"
"02950.jpg","912889"
"02951.jpg","086541"
"02952.jpg","916868"
"02953.jpg","210313"
"02954.jpg","935159"
"02955.jpg","481274"
"02956.jpg","165918"
"02957.jpg","651775"
"02958.jpg","676305"
"02959.jpg","673810"
"02960.jpg","834452"
"02961.jpg","592739"
"02962.jpg","731356"
"02963.jpg","042973"
"02964.jpg","898678"
"02965.jpg","106671"
"02966.jpg","317493"
"02967.jpg","061338"
"02968.jpg","125325"
"02969.jpg","711733"
"02970.jpg","171432"
"02971.jpg","761672"
"02972.jpg","189353"
"02973.jpg","786992"
"02974.jpg","461687"
"02975.jpg","475609"
"02976.jpg","523813"
"02977.jpg","588944"
"02978.jpg","363726"
"02979.jpg","264657"
"02980.jpg","177857"
"02981.jpg","098718"
"02982.jpg","697698"
"02983.jpg","980797"
"02984.jpg","864691"
"02985.jpg","053108"
"02986.jpg","360367"
"02987.jpg","251826"
"02988.jpg","445422"
"02989.jpg","449360"
"02990.jpg","537355"
"02991.jpg","213962"
"02992.jpg","338551"
"02993.jpg","464185"
"02994.jpg","292984"
"02995.jpg","070951"
"02996.jpg","366785"
"02997.jpg","858016"
"02998.jpg","437260"
"02999.jpg","101599"
"03000.jpg","445886"
"03001.jpg","863938"